_id,fullName,fatherName,password,email,phone,cnic,dob,gender,education,address,city,country,course,preferredTimeSlot,isActive,role[0],bio,createdAt,updatedAt,__v,imageUrl,image,role,mobileNo,batchNo,proficiency,haveLaptop,rollNo
677d557f192a94f22fe13bab,Abdullah Bhatti,Mushtaq Ali Bhatti,$2b$12$yL0MqaxPPy/SHCOj5dMoteXWknPwlkIWzyPxbrkp3j.ESzU81w302,abdullah@gmail.com,03122255770,42501-1807249-3,1990-05-15T00:00:00.000Z,Male,Bachelor's in Computer Science,123 Main Street,Karachi,Pakistan,Web Development,Morning,true,admin,A passionate learner of technology.,2025-01-07T16:25:35.754Z,2025-01-23T09:28:30.711Z,0,https://res.cloudinary.com/dbhoqcunj/image/upload/v1736793878/user_profiles/wlf5qsddbot0upwk8eyo.png,,,,,,,
677d5607192a94f22fe13baf,Sarah Khan,Ahmed Khan,$2b$12$v9THncKAgP0KCHoaM3dOGeh/Y4OuEBNXembEJAtQ.5S6D8ggEr6qK,sarahkhan@example.com,03123456789,2345678901234,2000-09-20T00:00:00.000Z,Female,High School,456 Elm Street,67814ac5befc47d950d28eed,67814ac5befc47d950d28eed,67815e164962ffade58c5c78,Afternoon,true,trainer,Aspiring data scientist with a strong interest in machine learning and AI.,2025-01-07T16:27:51.877Z,2025-01-20T18:44:21.924Z,0,,https://example.com/student-image.jpg,,,,,,
677e6f20de8121ad096f4862,Ahmed Ali,Imran Ali,$2b$12$eUZTREhtQssxrUA9mcd3R.WZ/uMZyddom04//SYhL5ObwYLYzpu6q,ahmedali1@example.com,03123456789,1234567890123,2002-04-15T00:00:00.000Z,Male,Intermediate,"Karachi, Sindh, Pakistan",Karachi,Pakistan,67815a02befc47d950d2956f,Morning,true,,Passionate about software development.,2025-01-08T12:27:12.444Z,2025-01-23T12:26:45.758Z,0,,profile1.jpg,trainer,,,,,
677e6f47de8121ad096f4865,Fatima Zahra,Mohammad Zahra,$2b$12$6ISWMnW4zX9R4gc0W4oTG.9AykJe7Z230vK9Bbna7C/Hg9eKV7s72,fatimazahra@example.com,03234567890,1234567890124,2005-07-22T00:00:00.000Z,Female,Matriculation,"Lahore, Punjab, Pakistan",Lahore,Pakistan,Blockchain,Afternoon,true,,A tech enthusiast looking to learn more about blockchain.,2025-01-08T12:27:51.704Z,2025-01-08T12:27:51.704Z,0,,profile2.jpg,student,,,,,
677e6f51de8121ad096f4868,Ali Rehman,Abdul Rehman,$2b$12$Jfa1QDpLKKiGtME8KgCjQeZvj/lGwGeK3JXOibsFBCrGqUROIqAyW,alirehman@example.com,03345678901,1234567890125,2003-11-05T00:00:00.000Z,Male,O-Levels,"Islamabad, Islamabad, Pakistan",Islamabad,Pakistan,Flutter,Evening,true,,Learning Flutter to build cross-platform mobile apps.,2025-01-08T12:28:01.901Z,2025-01-08T12:28:01.901Z,0,,profile3.jpg,student,,,,,
677e6f5ade8121ad096f486b,Mariam Khan,Raza Khan,$2b$12$bxDIT.e6SDx637HS.SIJg.5xSrJHONjxFbLoTzANSIgC7rmp.SACi,mariamlkhan@example.com,03456789012,1234567890126,2004-02-18T00:00:00.000Z,Female,Intermediate,"Peshawar, Khyber Pakhtunkhwa, Pakistan",Peshawar,Pakistan,Cyber Security,Morning,true,,Aspiring to become a Cyber Security expert.,2025-01-08T12:28:10.525Z,2025-01-08T12:28:10.525Z,0,,profile4.jpg,student,,,,,
677e6f62de8121ad096f486e,Hassan Malik,Shahid Malik,$2b$12$BwqkbdqyVmcvXm4v92rIhu.Qm8n8f7OyVxR1caqNWTSPDhUY8ZiS2,hassanmalik@example.com,03123456788,1234567890127,2003-09-10T00:00:00.000Z,Male,Bachelor's in Computer Science,"Rawalpindi, Punjab, Pakistan",Rawalpindi,Pakistan,Techno Kids for under 15 Years of age,Afternoon,true,,Interested in tech education for children.,2025-01-08T12:28:18.453Z,2025-01-08T12:28:18.453Z,0,,profile5.jpg,student,,,,,
677e6f6bde8121ad096f4871,Ayesha Syed,Sami Syed,$2b$12$qFaZJtS9d30RGAsUJIFFEO1b/fzYF/rwlC6nbjkptk8q3c732oQz.,ayeshasyed@example.com,03212345678,1234567890128,2000-06-11T00:00:00.000Z,Female,Bachelor's in Software Engineering,"Karachi, Sindh, Pakistan",Karachi,Pakistan,Devops,Evening,true,,Passionate about DevOps and automation.,2025-01-08T12:28:27.822Z,2025-01-08T12:28:27.822Z,0,,profile6.jpg,student,,,,,
677e6f73de8121ad096f4874,Zainab Iqbal,Faisal Iqbal,$2b$12$YlKniSXWprqrdqnVHRdzMu7IlmRB7rNtoSKQpt/e8yTRn2q1kd3Si,zainabiqbal@example.com,03323456789,1234567890129,2006-03-25T00:00:00.000Z,Female,O-Levels,"Faisalabad, Punjab, Pakistan",Faisalabad,Pakistan,Web and Mobile App Development,Morning,true,,Exploring the world of mobile app development.,2025-01-08T12:28:35.347Z,2025-01-08T12:28:35.347Z,0,,profile7.jpg,student,,,,,
677e6f7ade8121ad096f4877,Usman Tariq,Akbar Tariq,$2b$12$KkvaCJkEPnTFHqYz5HXzeOwO1iDMftgAtV/xEVtd9htnXXiN2Fu06,usmantariq@example.com,03456789013,1234567890130,1999-12-30T00:00:00.000Z,Male,Bachelor's in Information Technology,"Multan, Punjab, Pakistan",Multan,Pakistan,Blockchain,Afternoon,true,trainer,Interested in blockchain development.,2025-01-08T12:28:42.897Z,2025-01-20T18:13:13.981Z,0,,profile8.jpg,,,,,,
677e6f82de8121ad096f487a,Khadija Qureshi,Omar Qureshi,$2b$12$M7LCoo3Oaez0vaDm.2BvLepghzrr3PzJixUN3KrmH3Oo67sGqijQe,khadijaqureshi@example.com,03123456790,1234567890131,2003-09-18T00:00:00.000Z,Female,Matriculation,"Quetta, Balochistan, Pakistan",Quetta,Pakistan,Flutter,Evening,true,,Learning Flutter for mobile apps.,2025-01-08T12:28:50.933Z,2025-01-08T12:28:50.933Z,0,,profile9.jpg,student,,,,,
677e6f8bde8121ad096f487d,Imran Anwar,Shahbaz Anwar,$2b$12$..Z3OuM9Rbr5OpxyijyFRueaXgGHLvWNtM3LJA/P2gDWSHlhfbKT6,imrananwar@example.com,03234567891,1234567890132,2001-01-10T00:00:00.000Z,Male,O-Levels,"Sialkot, Punjab, Pakistan",Sialkot,Pakistan,Cyber Security,Morning,true,,Aspiring to protect networks and data.,2025-01-08T12:28:59.249Z,2025-01-08T12:28:59.249Z,0,,profile10.jpg,student,,,,,
677e6facde8121ad096f4880,Amina Shah,Naveed Shah,$2b$12$TBVQFpTne0CDxrVGkEiPROLQdq7MoIr3Jm9cxkRbPemKOiJqAjVFS,aminashah@example.com,03123456791,1234567890133,2002-03-25T00:00:00.000Z,Female,Intermediate,"Karachi, Sindh, Pakistan",Karachi,Pakistan,Devops,Morning,true,,Learning about cloud and DevOps.,2025-01-08T12:29:32.642Z,2025-01-08T12:29:32.642Z,0,,profile11.jpg,student,,,,,
677e6fb5de8121ad096f4883,Fahad Akhtar,Usman Akhtar,$2b$12$wQcj97yUcOv0TnlTdR/Y4efLc/WzgBTnSmbrI9wCRbmvesmHAkX7u,fahadakhtar@example.com,03123456792,1234567890134,2001-08-13T00:00:00.000Z,Male,O-Levels,"Karachi, Sindh, Pakistan",Karachi,Pakistan,Blockchain,Afternoon,true,,Passionate about the future of cryptocurrency.,2025-01-08T12:29:41.657Z,2025-01-08T12:29:41.657Z,0,,profile12.jpg,student,,,,,
677e6fbede8121ad096f4886,Sana Iqbal,Mohammad Iqbal,$2b$12$iQkUQDX9xrHTeGJvkNhAYOZCeqVE.v5TGp6BfQM5cbYi1epjvx2NG,sanaiqbal@example.com,03123456793,1234567890135,2004-12-22T00:00:00.000Z,Female,Matriculation,"Karachi, Sindh, Pakistan",Karachi,Pakistan,Techno Kids for under 15 Years of age,Evening,true,,A young mind fascinated by technology.,2025-01-08T12:29:50.245Z,2025-01-08T12:29:50.245Z,0,,profile13.jpg,student,,,,,
677e6fc5de8121ad096f4889,Asad Ali,Saleem Ali,$2b$12$PjGXwjZAZtZxZ1t1LtyWZ.mQ6Kv2HfzLF0AdG.Gf1p2VDXnUtrjG.,asadali@example.com,03234567892,1234567890136,2005-11-17T00:00:00.000Z,Male,O-Levels,"Karachi, Sindh, Pakistan",Karachi,Pakistan,Web and Mobile App Development,Morning,true,,Learning full-stack development.,2025-01-08T12:29:57.513Z,2025-01-08T12:29:57.513Z,0,,profile14.jpg,student,,,,,
677e6fcede8121ad096f488c,Nida Khan,Zahid Khan,$2b$12$memiCBLl6Mp97Ox6eSjDYO2kX4IWTNsADrNBXsotexAkcOIIgq0yS,nidakhan@example.com,03345678901,1234567890137,2003-03-14T00:00:00.000Z,Female,Intermediate,"Karachi, Sindh, Pakistan",Karachi,Pakistan,Cyber Security,Afternoon,true,,Building skills to protect the internet.,2025-01-08T12:30:06.295Z,2025-01-08T12:30:06.295Z,0,,profile15.jpg,student,,,,,
677e6fd7de8121ad096f488f,Usman Aslam,Ahmad Aslam,$2b$12$33PoxqlrBAFmEzV7RZMtzOresDknFEXcV/YvqNUm.rY0TmZ5/Tw7y,usmanaslam@example.com,03456789014,1234567890138,2000-05-30T00:00:00.000Z,Male,Bachelor's in Computer Science,"Karachi, Sindh, Pakistan",Karachi,Pakistan,Flutter,Evening,true,,Mobile developer working on cross-platform apps.,2025-01-08T12:30:15.341Z,2025-01-08T12:30:15.341Z,0,,profile16.jpg,student,,,,,
677e6fdfde8121ad096f4892,Mariam Ahmed,Jameel Ahmed,$2b$12$wn9QrXWSz1cvTw9ae74lm.SJUf9SZmiulvUroMf.Rb1cf77tQeKBW,mariamahmed@example.com,03212345679,1234567890139,2003-07-04T00:00:00.000Z,Female,O-Levels,"Karachi, Sindh, Pakistan",Karachi,Pakistan,Web and Mobile App Development,Morning,true,,Aspiring to build beautiful and functional web apps.,2025-01-08T12:30:23.503Z,2025-01-08T12:30:23.503Z,0,,profile17.jpg,student,,,,,
677e6fe8de8121ad096f4895,Bilal Tariq,Rizwan Tariq,$2b$12$2qnVoUgHk0n6WYU6p2uBVOY5TXv/U7i/2GU6o7mqZOF8Tl2gU4qxa,bilaltariq@example.com,03123456794,1234567890140,2004-10-20T00:00:00.000Z,Male,Intermediate,"Karachi, Sindh, Pakistan",Karachi,Pakistan,Blockchain,Afternoon,true,,Exploring the potential of blockchain technology.,2025-01-08T12:30:32.435Z,2025-01-08T12:30:32.435Z,0,,profile18.jpg,student,,,,,
677e6ff0de8121ad096f4898,Sana Ahmed,Adeel Ahmed,$2b$12$X.YP1eaSyJqPEGMCINGp8e8AZXNxNYL0wdqwcsvbtamgv0GPspCLC,sanaahmed@example.com,03323456790,1234567890141,2005-02-09T00:00:00.000Z,Female,Matriculation,"Karachi, Sindh, Pakistan",Karachi,Pakistan,Techno Kids for under 15 Years of age,Morning,true,,Enjoys learning about the digital world at a young age.,2025-01-08T12:30:40.117Z,2025-01-08T12:30:40.117Z,0,,profile19.jpg,student,,,,,
677e7e90de8121ad096f5808,abdullah,,$2b$12$MvzJoy1VyP/ZtkNjkA/Yp.MRsQ2QJNT39MhQgT1/PDJU6y.A1oGqm,abdullah123@gmail.com,03122255770,4250118072493,,Male,,,,,,,true,admin,,2025-01-08T13:33:04.540Z,2025-01-20T18:27:56.119Z,0,,,,,,,,
6783dedfd297ca8d065b9108,Abdullah Bhatti,Mushtaq Ali Bhatti,,bhatti123@gmail.com,,4250118072493,1970-01-01T05:31:10.116Z,Male,3,malir khokhrapar,67814ac5befc47d950d28eed,,67815e164962ffade58c5c78,,,,,2025-01-12T15:25:19.573Z,2025-01-12T15:25:19.573Z,0,,,user,03122255770,67815e4f84ce81f520291157,Intermediate,Yes,
6783e54ccf6bb44d62614667,minhaj,rizwan,,minhaj@gmail.com,,1234567890321,1970-01-01T05:31:10.116Z,Male,3,malir khokhrapar,67814ac5befc47d950d28eed,,67815e164962ffade58c5c78,,,,,2025-01-12T15:52:44.357Z,2025-01-12T15:52:44.357Z,0,,,user,03181014410,67815e4f84ce81f520291157,Intermediate,Yes,
6783e5d9cf6bb44d62614671,minhaj,rizwan,,minhaj1122@gmail.com,,1236547890321,1970-01-01T05:31:10.116Z,Male,3,malir khokhrapar,67814ac5befc47d950d28eed,,67815e164962ffade58c5c78,,,,,2025-01-12T15:55:05.946Z,2025-01-12T15:55:05.946Z,0,,,user,03181014410,67815e4f84ce81f520291157,Intermediate,Yes,
6783e7114ee3d53a71a5c4c2,minhajahmad,rizwanbhatti,,minhaj1123@gmail.com,,1556547890321,1970-01-01T05:31:10.116Z,Male,3,malir khokhrapar,67814ac5befc47d950d28eed,,67815e164962ffade58c5c78,,,,,2025-01-12T16:00:17.314Z,2025-01-12T16:00:17.314Z,0,,,user,03181014410,67815e4f84ce81f520291157,Intermediate,Yes,
6783e7c04ee3d53a71a5c4c9,minhajahmad,rizwanbhatti,,minhajahmad1123@gmail.com,,1556547890321,1970-01-01T05:31:10.116Z,Male,3,malir khokhrapar,67814ac5befc47d950d28eed,,67815e164962ffade58c5c78,,,,,2025-01-12T16:03:12.083Z,2025-01-12T16:03:12.083Z,0,,,user,03144014422,67815e4f84ce81f520291157,Intermediate,Yes,
6783e8124ee3d53a71a5c4ce,minhajahmad,rizwanbhatti,,minhaasdfjahmad1123@gmail.com,,1556547890321,1970-01-01T05:31:10.116Z,Male,3,malir khokhrapar,67814ac5befc47d950d28eed,,67815e164962ffade58c5c78,,,,,2025-01-12T16:04:34.773Z,2025-01-12T16:04:34.773Z,0,,,user,03199014422,67815e4f84ce81f520291157,Intermediate,Yes,
6783f8bb4ee3d53a71a5c4e5,Noman Ahmad,Mushtaq Ali Bhatti,,nomanahmad@gmail.com,,4220118072493,1970-01-01T05:31:51.103Z,Male,2,malir khokhrapar,67814ac5befc47d950d28eed,,67815e164962ffade58c5c78,,,,,2025-01-12T17:15:39.270Z,2025-01-12T17:15:39.270Z,0,,,user,03340293963,67815e4f84ce81f520291157,Intermediate,Yes,
678434116f568976ed569d9c,asdgfsdfsdf,sdfgsdfgdfg,,asfgsfd@gmail.com,,42501-2255770-4,1970-01-01T05:30:50.101Z,Male,4,asdfasdfsf,67814ac5befc47d950d28eed,,67815e164962ffade58c5c78,,,,,2025-01-12T21:28:49.624Z,2025-01-12T21:28:49.624Z,0,,,user,03125522633,67815e4f84ce81f520291157,Intermediate,Yes,
678438fb88af88d8ceea6fe2,zzzzzzzzzz,asdfasdfsadf,,asdfasdfasdfafdsf@gmail.com,,42501-1111111-3,1970-01-01T05:31:10.101Z,Male,6,ansdlknaslkdfnaslkfdn,67814ac5befc47d950d28eed,,67815e164962ffade58c5c78,,,,,2025-01-12T21:49:47.298Z,2025-01-12T21:49:47.298Z,0,,,user,03252211335,67815e4f84ce81f520291157,Intermediate,Yes,
67843c419637d065e0a6e1ca,eeeeeeeeeeeee,rrrrrrrrrrrrrrr,,ddddddddd@gmail.com,,42501-2221166-6,1970-01-01T05:31:10.101Z,Male,2,a;asdl/kfns,67814ac5befc47d950d28eed,,67815e164962ffade58c5c78,,,,,2025-01-12T22:03:45.109Z,2025-01-12T22:03:45.109Z,0,https://res.cloudinary.com/dbhoqcunj/image/upload/v1736719424/user_profiles/sb3lnygpascrkrpdwuwr.jpg,,user,03212255779,67815e4f84ce81f520291157,Intermediate,Yes,
67843e6e857d80ff67f4bfab,asdfasdfasdf,asdfasdfasdfasdfasfd,,asdfasdfasfdasdf@gmail.com,,42501-2255889-5,1970-01-01T05:31:10.101Z,Male,2,askjbdfkjasbf.jsbf,67814ac5befc47d950d28eed,,67815e164962ffade58c5c78,,,,,2025-01-12T22:13:02.937Z,2025-01-12T22:13:02.937Z,0,https://res.cloudinary.com/dbhoqcunj/image/upload/v1736719982/user_profiles/zdcixoflgb0otzxqoddp.jpg,,user,03125522113,67815e4f84ce81f520291157,Intermediate,Yes,
67843f9d1b12aecb2d98f74d,owais ahmad,qasim ali,,owaisqasim@gmail.com,,42501-1805413-3,1970-01-01T05:30:50.101Z,Male,3,karachi karachi karachi,67814ac5befc47d950d28eed,,67815e164962ffade58c5c78,,,,,2025-01-12T22:18:05.652Z,2025-01-12T22:18:05.652Z,0,https://res.cloudinary.com/dbhoqcunj/image/upload/v1736720285/user_profiles/xgykmwdglgsfupyjetx2.jpg,,user,03251144556,67815e4f84ce81f520291157,Intermediate,Yes,
678535fa72f7298415e88db3,Jahangir,Qasim,,jahangir@gmail.com,,42501-5525566-7,1970-01-01T05:31:10.101Z,Male,Graduate,malir khokhrapar,67814ac5befc47d950d28eed,,67815e164962ffade58c5c78,,,,,2025-01-13T15:49:14.545Z,2025-01-13T15:49:14.545Z,0,https://res.cloudinary.com/dbhoqcunj/image/upload/v1736783353/user_profiles/sxqbyvuvtyhvhwloybg0.jpg,,user,03342033325,67815e4f84ce81f520291157,Intermediate,Yes,
678541b672f7298415e88e00,abiha,abdullah,,abiha@gmail.com,,42201-0395282-4,1970-01-01T05:33:20.101Z,Female,Graduate,malir khokhrapar,67814ac5befc47d950d28eed,,67815e164962ffade58c5c78,,,,,2025-01-13T16:39:18.148Z,2025-01-13T16:39:18.148Z,0,https://res.cloudinary.com/dbhoqcunj/image/upload/v1736786357/user_profiles/cmxxzmgnojq9ibqit7wt.png,,user,03150445269,67815e4f84ce81f520291157,Intermediate,Yes,
6785440972f7298415e88e09,mishal,abdullah,,mishal@gmail.com,,22556-6655441-6,1970-01-01T05:30:50.101Z,Female,Graduate,aksdnf;laksdnf;alskndf,67814ac5befc47d950d28eed,,67815e164962ffade58c5c78,,,,,2025-01-13T16:49:13.348Z,2025-01-13T16:49:13.348Z,0,https://res.cloudinary.com/dbhoqcunj/image/upload/v1736786952/user_profiles/mgqehz8velayyqnsgf5e.jpg,,user,03363355885,67815e4f84ce81f520291157,Intermediate,Yes,
678544f572f7298415e88e14,ayesha,noman,,ayesha@gmail.com,,52025-3322114-5,1970-01-01T05:31:40.101Z,Female,Graduate,malir khokhrapar,67814ac5befc47d950d28eed,,67815e164962ffade58c5c78,,,,,2025-01-13T16:53:09.825Z,2025-01-13T16:53:09.825Z,0,https://res.cloudinary.com/dbhoqcunj/image/upload/v1736787189/user_profiles/ijiujm7h3r6nvzxpwncl.jpg,,user,03150445526,67815e4f84ce81f520291157,Intermediate,No,
6785474f72f7298415e88e23,anees,qasim,,anees@gmail.com,,42501-1144995-5,1970-01-01T05:30:50.101Z,Male,Undergraduate,;lkansdf;lkasdf;lkasdfkl,67814ac5befc47d950d28eed,,67815e164962ffade58c5c78,,,,,2025-01-13T17:03:11.796Z,2025-01-13T17:03:11.796Z,0,https://res.cloudinary.com/dbhoqcunj/image/upload/v1736787790/user_profiles/cuntzsop4krwmfwo9yvj.jpg,,user,03252255669,67815e4f84ce81f520291157,Intermediate,Yes,
678548be260818202754cb4f,yameen,rashid,,yameeasdfn@gmail.com,,42501-8855996-6,1970-01-01T05:28:20.101Z,Male,Intermediate,a;slkdnfa;lskdnfaslkndf,67814ac5befc47d950d28eed,,67815e164962ffade58c5c78,,,,,2025-01-13T17:09:18.624Z,2025-01-13T17:09:18.624Z,0,https://res.cloudinary.com/dbhoqcunj/image/upload/v1736788157/user_profiles/af1d1odsl8t9nrk3ahvd.jpg,,user,03251143356,67815e4f84ce81f520291157,Intermediate,No,
67854a29260818202754cb6a,asdfasdfasdfasdf,asdfasdfasdfasdfasdf,,asdfasdfasdfasfd@gmail.com,,33221-3366559-9,1970-01-01T05:30:50.101Z,Male,Graduate,asdfasdfasdfasfdasf,67814ac5befc47d950d28eed,,67815e164962ffade58c5c78,,,,,2025-01-13T17:15:21.884Z,2025-01-13T17:15:21.884Z,0,https://res.cloudinary.com/dbhoqcunj/image/upload/v1736788520/user_profiles/aanzcis9xxe1hdnejwiz.jpg,,user,03252266335,67815e4f84ce81f520291157,Intermediate,Yes,
67855f17d43c6da3477ac95c,iirfan,aahmad,,iirfan@gmail.com,,11225-6655449-5,1970-01-01T05:30:50.101Z,Male,Undergraduate,asdfasdfasdf,67814ac5befc47d950d28eed,,67815e164962ffade58c5c78,,,,,2025-01-13T18:44:39.336Z,2025-01-13T18:44:39.336Z,0,https://res.cloudinary.com/dbhoqcunj/image/upload/v1736793878/user_profiles/wlf5qsddbot0upwk8eyo.png,,user,03253820122,67815e4f84ce81f520291157,Intermediate,No,
678a567d82b4ab5f05493577,sarfaraz,saleem,,sarfaraz123@gmail.com,,42501-5386335-4,1970-01-01T05:29:51.122Z,Male,Masters,sachal goth,67814ac5befc47d950d28eed,,67815e164962ffade58c5c78,,,,,2025-01-17T13:09:17.448Z,2025-01-17T13:09:17.448Z,0,,,user,03252211344,67815e4f84ce81f520291157,Intermediate,Yes,
678a58c3e0eabe6d6ed39ab1,Sarfaraz Mughal,saleem mughal,,sarfarazhussain@gmail.com,,42666-9999999-5,1970-01-01T05:29:51.122Z,Male,Undergraduate,sachal goth,67814ac5befc47d950d28eed,,67815e164962ffade58c5c78,,,,,2025-01-17T13:18:59.985Z,2025-01-17T13:18:59.985Z,0,https://res.cloudinary.com/dbhoqcunj/image/upload/v1737119938/user_profiles/ijmuinu4wihik8h0fmxh.jpg,,user,03363355669,67815e4f84ce81f520291157,Intermediate,Yes,
678a5dcfe0eabe6d6ed39ad7,Hanzala,Sarfaraz,,hanzala@gmail.com,,42501-4455889-1,1970-01-01T05:29:50.101Z,Male,Graduate,sachal goth,67814ac5befc47d950d28eed,,67815e164962ffade58c5c78,,,,,2025-01-17T13:40:31.091Z,2025-01-17T13:40:31.091Z,0,https://res.cloudinary.com/dbhoqcunj/image/upload/v1737121229/user_profiles/quxe4bzqyc4usttjihhp.jpg,,user,03333368085,67815e4f84ce81f520291157,Intermediate,No,
678a5edae0eabe6d6ed39ae1,sdf,sf,,sar@hotmail.com,,42201-0784922-9,1970-01-01T05:29:52.211Z,Male,Masters,ewe,67814ac5befc47d950d28eed,,67815a02befc47d950d2956f,,,,,2025-01-17T13:44:58.674Z,2025-01-17T13:44:58.674Z,0,https://res.cloudinary.com/dbhoqcunj/image/upload/v1737121497/user_profiles/b7d8sbdnpfqtlksmvp8g.jpg,,user,03353020420,67815eff84ce81f520291293,Beginner,Yes,
678a600ce0eabe6d6ed39aeb,khatija,sarfaraz,,khatija123@gmail.com,,00000-0000000-0,1970-01-01T05:31:00.101Z,Male,Graduate,sachal goth,67814ad2befc47d950d28eef,,67815e164962ffade58c5c78,,,,,2025-01-17T13:50:04.032Z,2025-01-17T13:50:04.032Z,0,https://res.cloudinary.com/dbhoqcunj/image/upload/v1737121802/user_profiles/ov58h2mgvfyf6eg7yunp.jpg,,user,03362356894,67815e4f84ce81f520291157,Beginner,Yes,
678a615de0eabe6d6ed39afe,fd,lkj,,sd@hotmail.com,,42201-0784922-8,1970-01-01T05:29:52.211Z,Male,Matric,sds,67814ac5befc47d950d28eed,,67815a02befc47d950d2956f,,,,,2025-01-17T13:55:41.680Z,2025-01-17T13:55:41.680Z,0,https://res.cloudinary.com/dbhoqcunj/image/upload/v1737122140/user_profiles/qbfjgjsxohnzw2ifdtlg.jpg,,user,03353020340,67815eff84ce81f520291293,Beginner,Yes,
678a620be0eabe6d6ed39b08,owais ahmad,bhatti,,owaisahmad@gmail.com,,42501-0000000-0,1970-01-01T05:30:50.101Z,Male,Graduate,sachal,67814ac5befc47d950d28eed,,67815e164962ffade58c5c78,,,,,2025-01-17T13:58:35.407Z,2025-01-17T13:58:35.407Z,0,https://res.cloudinary.com/dbhoqcunj/image/upload/v1737122314/user_profiles/kdaeqaonechigw7tbnd7.jpg,,user,03254488648,67815e4f84ce81f520291157,Intermediate,Yes,
678a6291e0eabe6d6ed39b4b,anees ahmad,qasim bhatti,,anees11@gmail.com,,00000-5555555-4,1970-01-01T05:33:20.101Z,Male,Undergraduate,khokhrapar,67814ac5befc47d950d28eed,,67815e164962ffade58c5c78,,,,,2025-01-17T14:00:49.339Z,2025-01-17T14:00:49.339Z,0,https://res.cloudinary.com/dbhoqcunj/image/upload/v1737122448/user_profiles/kx5lkaapizl7k7liitwe.jpg,,user,03330000000,67815e4f84ce81f520291157,Intermediate,Yes,
678a63fee0eabe6d6ed39b63,yameen,yaseen,,yameen123@gmail.com,,22222-5555555-8,1970-01-01T05:30:50.101Z,Male,Graduate,sachal,67814ac5befc47d950d28eed,,67815a02befc47d950d2956f,,,,,2025-01-17T14:06:54.803Z,2025-01-17T14:06:54.803Z,0,https://res.cloudinary.com/dbhoqcunj/image/upload/v1737122813/user_profiles/pzblgrtqayxpyejiya9f.jpg,,user,03222222222,67815eff84ce81f520291293,Intermediate,Yes,
678aab7fa9366cdc1e4b9f8f,Abdullah Bhatti,Mushtaq Ali Bhatti,,abdullahbhatti123@gmail.com,,42501-3333333-5,1987-01-16T00:00:00.000Z,Male,Graduate,malir khokhrapar,67814ac5befc47d950d28eed,,67815e164962ffade58c5c78,,,,,2025-01-17T19:11:59.369Z,2025-01-17T19:11:59.369Z,0,https://res.cloudinary.com/dbhoqcunj/image/upload/v1737141118/user_profiles/n3tjvrkq56otqelrxcpa.png,,user,03332222225,67815e4f84ce81f520291157,Intermediate,No,
678aaefda9366cdc1e4b9fa7,Ubaid,Basheer,,ubaidbasheer@gmail.com,,66666-4444444-5,1987-01-16T00:00:00.000Z,Male,Intermediate,malir khokhrapar,67814ac5befc47d950d28eed,,67815e164962ffade58c5c78,,,,,2025-01-17T19:26:53.260Z,2025-01-17T19:26:53.260Z,0,https://res.cloudinary.com/dbhoqcunj/image/upload/v1737142012/user_profiles/iouzgsqo5dytsm5at3go.jpg,,user,03225555555,67815e4f84ce81f520291157,Intermediate,Yes,
678ab069a9366cdc1e4b9fc6,razabhatti,qasimbhatti,,razabhatti@gmail.com,,55555-6666668-4,1987-01-16T00:00:00.000Z,Male,Graduate,khokhrapar karachi,67814ac5befc47d950d28eed,,67815e164962ffade58c5c78,,,,,2025-01-17T19:32:57.148Z,2025-01-17T19:32:57.148Z,0,https://res.cloudinary.com/dbhoqcunj/image/upload/v1737142376/user_profiles/xami1cksj6kpy4hnchsf.jpg,,user,03333366998,67815e4f84ce81f520291157,Intermediate,Yes,
678ab3c8a9366cdc1e4ba014,asdfasdfasdf,asdfasdfasdfasdfsadf,,asdfasdfasdfasdf@gmail.com,,66666-5555555-4,1987-01-16T00:00:00.000Z,Male,Matric,asdfasfasdf,67814ac5befc47d950d28eed,,67815e164962ffade58c5c78,,,,,2025-01-17T19:47:20.737Z,2025-01-17T19:47:20.737Z,0,https://res.cloudinary.com/dbhoqcunj/image/upload/v1737143239/user_profiles/yl0utva30zj8u1rvm2zs.jpg,,user,03337778889,67815e4f84ce81f520291157,Intermediate,No,
678ab50da9366cdc1e4ba02c,pakistani,pakistani2,,pakistan@gmail.com,,55555-9999999-4,2025-01-16T00:00:00.000Z,Male,Matric,asfasdfasnfdlkn,67814ac5befc47d950d28eed,,67815e164962ffade58c5c78,,,,,2025-01-17T19:52:45.902Z,2025-01-17T19:52:45.902Z,0,https://res.cloudinary.com/dbhoqcunj/image/upload/v1737143565/user_profiles/s5uvdse2qbhbjpbo5cgz.jpg,,user,03055666884,67815e4f84ce81f520291157,Beginner,No,
678ab569a9366cdc1e4ba044,asdfasdfasdfasd,asdfasdfasdfasd,,fasdfasdfasdfasf@gmail.com,,66665-4444445-1,2001-01-25T00:00:00.000Z,Female,Matric,ajsbdnf,67814ac5befc47d950d28eed,,67815e164962ffade58c5c78,,,,,2025-01-17T19:54:17.836Z,2025-01-17T19:54:17.836Z,0,https://res.cloudinary.com/dbhoqcunj/image/upload/v1737143657/user_profiles/bfc2yd6ht4vgxdadhryf.jpg,,user,03332255589,67815e4f84ce81f520291157,Intermediate,No,
678bbdc209275f533435d588,Abdullah,Bhatti,,abdullah313@gmail.com,,42501-0000222-3,1987-01-16T00:00:00.000Z,Male,Undergraduate,Malir Karachi,67814ac5befc47d950d28eed,,67815e164962ffade58c5c78,,,,,2025-01-18T14:42:10.462Z,2025-01-18T14:42:10.462Z,0,https://res.cloudinary.com/dbhoqcunj/image/upload/v1737211329/user_profiles/nichy7inni5kmt2xydrz.jpg,,user,03000255770,67815e4f84ce81f520291157,Intermediate,Yes,
678d30b39434bceda2d80744,Abdullah,Mushtaq,,abdullah1122@gmail.com,,00000-1122334-4,1987-01-16T00:00:00.000Z,Male,Intermediate,Malir Khokhrapar,67814ac5befc47d950d28eed,,67815a02befc47d950d2956f,,,user,,2025-01-19T17:04:51.885Z,2025-01-19T17:04:51.885Z,0,https://res.cloudinary.com/dbhoqcunj/image/upload/v1737306291/user_profiles/lnwbhr0bl18dm5aixaw6.jpg,,,03120011223,67815eff84ce81f520291293,Intermediate,Yes,
678d31fc0f57a5b19a67f604,ubaid ali,bashir ahmad,,ubaidbashir@gmail.com,,33333-2252222-1,1987-01-16T00:00:00.000Z,Male,Matric,baldia town,67814ac5befc47d950d28eed,,67815e164962ffade58c5c78,,,user,,2025-01-19T17:10:20.617Z,2025-01-19T17:10:20.617Z,0,https://res.cloudinary.com/dbhoqcunj/image/upload/v1737306620/user_profiles/gjztrgwimclccyevelxc.jpg,,,03335566995,67815e4f84ce81f520291157,Intermediate,No,
678d5705f1c2252417eb6c2c,jahangir,bhatti,,jahangirbhatti@gmail.com,,33333-2222222-1,1987-01-16T00:00:00.000Z,Male,Undergraduate,malir khokhrapar,67814ac5befc47d950d28eed,,67815e164962ffade58c5c78,,,user,,2025-01-19T19:48:21.426Z,2025-01-19T19:48:21.426Z,0,https://res.cloudinary.com/dbhoqcunj/image/upload/v1737316100/user_profiles/gubnvdmanyiqzpha0foq.jpg,,,03252211223,67815e4f84ce81f520291157,Intermediate,Yes,WMA-01-1
678de9f876078994da164c44,Abdullah Bhatti,Mushtaq Ali Bhatti,,abdullahbhatti@gmail.com,,42501-1111111-1,1987-01-16T00:00:00.000Z,Male,Intermediate,abdullahbhatti@gmail.com,67814ac5befc47d950d28eed,,67815e164962ffade58c5c78,,,user,,2025-01-20T06:15:20.978Z,2025-01-20T06:15:20.978Z,0,https://res.cloudinary.com/dbhoqcunj/image/upload/v1737353720/user_profiles/w8pdvelxlythb3i1noom.jpg,,,03172771735,67815e4f84ce81f520291157,Intermediate,Yes,WMA-01-2
678e2c8fa6ceefb1706b97fa,salam ali,paigam ali,,salam@gmail.com,,66666-5533333-4,1987-01-16T00:00:00.000Z,Male,Matric,malir,67814ac5befc47d950d28eed,,67815a02befc47d950d2956f,,,user,,2025-01-20T10:59:27.949Z,2025-01-20T10:59:27.949Z,0,,,,03258855886,67815eff84ce81f520291293,Beginner,No,JCC-01-1
678e2d7da6ceefb1706b9823,sagheer,ahmad,,sagheer@gmail.com,,55555-7777777-4,1987-01-16T00:00:00.000Z,Male,Intermediate,malir kharachi,67814ac5befc47d950d28eed,,67815a02befc47d950d2956f,,,user,,2025-01-20T11:03:25.701Z,2025-01-20T11:03:25.701Z,0,https://res.cloudinary.com/dbhoqcunj/image/upload/v1737371004/user_profiles/zrgya9kpryvbs4zvjqsh.jpg,,,03338888888,67815eff84ce81f520291293,Beginner,Yes,JCC-01-2
678fb69621f6338034204c70,Raza Bhatti,Muhammad Qasim,,razabhatti123@gmail.com,,42501-5566882-5,1994-07-18T00:00:00.000Z,Male,Intermediate,malir khokhrapar,67814ac5befc47d950d28eed,,67815e164962ffade58c5c78,,,user,,2025-01-21T15:00:38.370Z,2025-01-21T15:00:38.370Z,0,https://res.cloudinary.com/dbhoqcunj/image/upload/v1737471637/user_profiles/zg8sfxtoylxbrpjnq4cs.jpg,,,03330374303,67815e4f84ce81f520291157,Intermediate,Yes,WMA-01-3
678fc79d91cd53302eb23f96,Muhammad Ahmad,Muhammad Aslam,,muhammadahmedaslam@gmail.com,,42101-8605290-3,2007-02-07T00:00:00.000Z,Male,Middle,Azizabad,67814ac5befc47d950d28eed,,67815e164962ffade58c5c78,,,user,,2025-01-21T16:13:17.513Z,2025-01-21T16:13:17.513Z,0,https://res.cloudinary.com/dbhoqcunj/image/upload/v1737475996/user_profiles/dsemvf8o17ymb08anhfz.png,,,03362905320,67815e4f84ce81f520291157,Beginner,Yes,WMA-01-4
67909d86091c5c60bc569f96,ibad,khan,,ibadkhan@gmail.com,,11223-3445566-7,1987-01-16T00:00:00.000Z,Male,Matric,malir khokhrapar,6790955dfafa29c3714226f5,,67815a02befc47d950d2956f,,,user,,2025-01-22T07:25:58.311Z,2025-01-22T07:25:58.311Z,0,https://res.cloudinary.com/dbhoqcunj/image/upload/v1737530756/user_profiles/xjcut6znvwytqsrpzcly.jpg,,,03558866442,67815eff84ce81f520291293,Intermediate,No,JCC-01-3
6790a13f91f7f551e75991ca,Muhammad Ismail,Muhammad Shoaib,,ismailshoaib@gmail.com,,42201-1571497-5,2000-12-16T00:00:00.000Z,Male,Intermediate,"D-13/1, Malir Ext Colony, Khokhrapar",6790955dfafa29c3714226f5,,67815e164962ffade58c5c78,,,user,,2025-01-22T07:41:51.417Z,2025-01-22T07:41:51.417Z,0,https://res.cloudinary.com/dbhoqcunj/image/upload/v1737531710/user_profiles/bozrjv4s2glgzrztwsrn.jpg,,,03452141816,67815e4f84ce81f520291157,Intermediate,Yes,WMA-01-5
679160bbccd05c4a6edc83be,Abdullah,Mushtaq,,abdullah345@gmail.com,,66666-4444444-7,1987-01-16T00:00:00.000Z,Male,Graduate,malir karachi,6790955dfafa29c3714226f5,,67815e164962ffade58c5c78,,,user,,2025-01-22T21:18:51.180Z,2025-01-22T21:18:51.180Z,0,https://res.cloudinary.com/dbhoqcunj/image/upload/v1737580730/user_profiles/hz98uk9fcs31hnnfpotz.jpg,,,03365566995,67815eff84ce81f520291293,Intermediate,No,WMA-01-4
6791e97fdace9aaea5e46ca2,Ramzan,Razzaq,,ramzanrazzaq@gmail.com,,55555-0000011-1,1987-01-16T00:00:00.000Z,Male,Graduate,malir karachi,6790955dfafa29c3714226f5,,67815e164962ffade58c5c78,,,user,,2025-01-23T07:02:23.342Z,2025-01-23T07:02:23.342Z,0,https://res.cloudinary.com/dbhoqcunj/image/upload/v1737615739/user_profiles/n8cl4ugmnpuddwsrufcl.jpg,,,03125522556,67815eff84ce81f520291293,Intermediate,Yes,WMA-01-5
6791f7dba7e65fbfa6e1213a,jahangirbhatti,qasimbhatti,,jahangir12@gmail.com,,44444-9999999-5,1987-01-16T00:00:00.000Z,Male,Undergraduate,karachi paistan,6790955dfafa29c3714226f5,,67815e164962ffade58c5c78,,,user,,2025-01-23T08:03:39.823Z,2025-01-23T08:03:39.823Z,0,https://res.cloudinary.com/dbhoqcunj/image/upload/v1737619418/user_profiles/bnauu0kebxnsnddxtyhb.png,,,03452033225,67815eff84ce81f520291293,Beginner,No,WMA-01-6
6791fd833581106281630883,raza,qasim,,raza@gmail.com,,42201-3194552-0,2000-01-01T00:00:00.000Z,Male,Graduate,malir,6790955dfafa29c3714226f5,,67815e164962ffade58c5c78,,,user,,2025-01-23T08:27:47.849Z,2025-01-23T08:27:47.849Z,0,https://res.cloudinary.com/dbhoqcunj/image/upload/v1737620866/user_profiles/o3k92eofntd2yegocxlj.jpg,,,03330374304,67815eff84ce81f520291293,Intermediate,Yes,WMA-01-7
6791fdc0358110628163089b,aneesahmad,qasimahmad,,aneesahmad@gmail.com,,44444-5544555-1,1987-01-16T00:00:00.000Z,Male,Matric,malir karachi,6790955dfafa29c3714226f5,,67815e164962ffade58c5c78,,,user,,2025-01-23T08:28:48.405Z,2025-01-23T08:28:48.405Z,0,https://res.cloudinary.com/dbhoqcunj/image/upload/v1737620927/user_profiles/yrmsrmemfpom4fzsv2hx.jpg,,,03336666661,67815eff84ce81f520291293,Intermediate,No,WMA-01-8
6791fe6e3581106281630903,owais,qasim,,owais@gmail.com,,42201-3194552-1,2000-01-03T00:00:00.000Z,Male,Undergraduate,malir malir,6790955dfafa29c3714226f5,,67815e164962ffade58c5c78,,,user,,2025-01-23T08:31:42.108Z,2025-01-23T08:31:42.108Z,0,https://res.cloudinary.com/dbhoqcunj/image/upload/v1737621101/user_profiles/dwlz7r5rbrgbch3peigb.jpg,,,03330377777,67815eff84ce81f520291293,Intermediate,Yes,WMA-01-9
6791ff04358110628163091c,anees,qasim,,anees1@gmail.com,,42201-0319455-3,2017-01-05T00:00:00.000Z,Male,Undergraduate,lyari,6790955dfafa29c3714226f5,,67815e164962ffade58c5c78,,,user,,2025-01-23T08:34:12.855Z,2025-01-23T08:34:12.855Z,0,https://res.cloudinary.com/dbhoqcunj/image/upload/v1737621251/user_profiles/qqxv0ddrbcoixdf9jydl.jpg,,,03132271659,67815eff84ce81f520291293,Intermediate,Yes,WMA-01-10
6791ff783581106281630933,owais bhatti,qasim,,owais1@gmail.com,,42210-3194552-9,2012-01-04T00:00:00.000Z,Male,Undergraduate,kalaboad,6790955dfafa29c3714226f5,,67815e164962ffade58c5c78,,,user,,2025-01-23T08:36:08.237Z,2025-01-23T08:36:08.237Z,0,https://res.cloudinary.com/dbhoqcunj/image/upload/v1737621367/user_profiles/mhfhwjjauajyvd2t9hni.jpg,,,03333333333,67815eff84ce81f520291293,Beginner,Yes,WMA-01-10
679201b9358110628163094a,noman,bhatti,,noman@gmail.com,,42209-2103884-0,2010-01-09T00:00:00.000Z,Male,Undergraduate,korangi,6790955dfafa29c3714226f5,,67815e164962ffade58c5c78,,,user,,2025-01-23T08:45:45.984Z,2025-01-23T08:45:45.984Z,0,https://res.cloudinary.com/dbhoqcunj/image/upload/v1737621945/user_profiles/dgfjcttggzaizfwahf9q.jpg,,,03030000000,67815eff84ce81f520291293,Intermediate,No,WMA-01-10
679202753581106281630965,hello,world,,hello12@gmail.com,,42210-3159990-5,2025-01-01T00:00:00.000Z,Male,Undergraduate,hello,6790955dfafa29c3714226f5,,67815e164962ffade58c5c78,,,user,,2025-01-23T08:48:53.144Z,2025-01-23T08:48:53.144Z,0,https://res.cloudinary.com/dbhoqcunj/image/upload/v1737622132/user_profiles/kubzwavzvbp9hvttehfy.jpg,,,03030005400,67815eff84ce81f520291293,Beginner,No,WMA-01-10
679202dc358110628163097d,ali,baba,,ali1@gmail.com,,42201-3355667-0,2025-01-21T00:00:00.000Z,Male,Intermediate,Khokhrapar,6790955dfafa29c3714226f5,,67815e164962ffade58c5c78,,,user,,2025-01-23T08:50:36.194Z,2025-01-23T08:50:36.194Z,0,https://res.cloudinary.com/dbhoqcunj/image/upload/v1737622235/user_profiles/r4ynqhdds7lb7l1rfyrv.jpg,,,03330374323,67815eff84ce81f520291293,Beginner,No,WMA-01-10
6792035035811062816309db,babu,sohna,,babu@gmail.com,,41101-7766889-9,2025-01-14T00:00:00.000Z,Male,PhD,mela,6790955dfafa29c3714226f5,,67815e164962ffade58c5c78,,,user,,2025-01-23T08:52:32.909Z,2025-01-23T08:52:32.909Z,0,https://res.cloudinary.com/dbhoqcunj/image/upload/v1737622352/user_profiles/k1mio1u9w5medqfes0la.jpg,,,03777777777,67815eff84ce81f520291293,Beginner,Yes,WMA-01-10
679203a73581106281630a02,maria,qadir,,maria@gmail.com,,42103-3242529-9,2025-01-14T00:00:00.000Z,Female,Undergraduate,johar,6790955dfafa29c3714226f5,,67815e164962ffade58c5c78,,,user,,2025-01-23T08:53:59.748Z,2025-01-23T08:53:59.748Z,0,https://res.cloudinary.com/dbhoqcunj/image/upload/v1737622438/user_profiles/bhnl8yvwfw6mcgibhfyz.jpg,,,03447678909,67815eff84ce81f520291293,Advanced,Yes,WMA-01-10
679203ff3581106281630a19,sara,ali,,sara@gmail.com,,42201-4455667-7,2025-01-14T00:00:00.000Z,Male,Masters,lyari,6790955dfafa29c3714226f5,,67815e164962ffade58c5c78,,,user,,2025-01-23T08:55:27.030Z,2025-01-23T08:55:27.030Z,0,https://res.cloudinary.com/dbhoqcunj/image/upload/v1737622526/user_profiles/afxvlxmhfbegedfcqovx.jpg,,,03118408888,67815eff84ce81f520291293,Beginner,Yes,WMA-01-10
6792043f3581106281630a69,Muhammad Hamza,Muhammad Imtiaz,,muhammadhamza318@gmail.com,,42401-3149358-3,1998-06-25T00:00:00.000Z,Male,Intermediate,"R-1207 sector 15 B, Bufferzone, Karachi, Pakistan",6790955dfafa29c3714226f5,,67815a2abefc47d950d29572,,,user,,2025-01-23T08:56:31.082Z,2025-01-23T08:56:31.082Z,0,https://res.cloudinary.com/dbhoqcunj/image/upload/v1737622590/user_profiles/yppayubfaovovddcuvkh.jpg,,,03122738505,679153499af5eb1cba60cc9b,Beginner,Yes,BLC-01-1
679204773581106281630a76,imiyaz,ali,,ali123@gmail.com,,49909-9090990-8,2017-01-18T00:00:00.000Z,Male,PhD,nipa,6790955dfafa29c3714226f5,,67815e164962ffade58c5c78,,,user,,2025-01-23T08:57:27.215Z,2025-01-23T08:57:27.215Z,0,https://res.cloudinary.com/dbhoqcunj/image/upload/v1737622646/user_profiles/hh7gqxrfdxjzjbiajm1a.jpg,,,03332211323,67815eff84ce81f520291293,Advanced,Yes,WMA-01-10
679204d33581106281630a9c,saira,ali,,ali444@gmail.com,,67789-7877887-9,2017-02-10T00:00:00.000Z,Female,Graduate,zone,6790955dfafa29c3714226f5,,67815e164962ffade58c5c78,,,user,,2025-01-23T08:58:59.344Z,2025-01-23T08:58:59.344Z,0,https://res.cloudinary.com/dbhoqcunj/image/upload/v1737622738/user_profiles/jmbrpc7s3vib9wehuxpf.jpg,,,03333333331,67815eff84ce81f520291293,Advanced,Yes,WMA-01-10
679205393581106281630adf,samina,ali,,samina@gmail.com,,43323-3243546-6,2025-01-21T00:00:00.000Z,Male,Other,saudabad,6790955dfafa29c3714226f5,,67815a2abefc47d950d29572,,,user,,2025-01-23T09:00:41.174Z,2025-01-23T09:00:41.174Z,0,https://res.cloudinary.com/dbhoqcunj/image/upload/v1737622840/user_profiles/emz5w5cnqsybpzgdfav1.jpg,,,03333333949,679153499af5eb1cba60cc9b,None,Yes,BLC-01-2
679205773581106281630ae4,Shehriyar Khan,Shahnawaz Khan,,shehriyarkhan123@gmail.com,,44444-4444444-1,1998-01-12T00:00:00.000Z,Male,Matric,"R-1210sector 15, North Nazamabad, Karachi, Pakistan",6790955dfafa29c3714226f5,,67815a2abefc47d950d29572,,,user,,2025-01-23T09:01:43.940Z,2025-01-23T09:01:43.940Z,0,https://res.cloudinary.com/dbhoqcunj/image/upload/v1737622903/user_profiles/h9xkvsjffuhnroeqmclg.jpg,,,03111234567,679153499af5eb1cba60cc9b,Beginner,Yes,BLC-01-3
6792062d3581106281630b16,Sheroz Waseem Arain,Waseem Arain,,sherozwaseemarain456@gmail.com,,44444-4444444-2,1999-01-30T00:00:00.000Z,Male,Matric,"R-1220 sector 15 A, Nusrat Bhutto Colony, Karachi, Pakistan",6790955dfafa29c3714226f5,,67815a2abefc47d950d29572,,,user,,2025-01-23T09:04:45.997Z,2025-01-23T09:04:45.997Z,0,https://res.cloudinary.com/dbhoqcunj/image/upload/v1737623084/user_profiles/ldlheqk2vmw9qz034rl8.jpg,,,03117894561,679153499af5eb1cba60cc9b,Beginner,No,BLC-01-4
679206663581106281630b3b,helloo,helllooo,,helloooo@gmail.com,,42236-8787878-0,2025-01-13T00:00:00.000Z,Male,Middle,helloooo,6790955dfafa29c3714226f5,,67815a4cbefc47d950d29575,,,user,,2025-01-23T09:05:42.948Z,2025-01-23T09:05:42.948Z,0,https://res.cloudinary.com/dbhoqcunj/image/upload/v1737623141/user_profiles/jrp2vp9qypc8hekieex2.jpg,,,03445555555,67916c3c3b964a0613297284,None,No,CCP-01-1
679206d43581106281630b90,waqas,ali,,waqas@gmail.com,,42209-9087665-0,2025-01-14T00:00:00.000Z,Male,Graduate,lyari,6790955dfafa29c3714226f5,,67815e164962ffade58c5c78,,,user,,2025-01-23T09:07:32.685Z,2025-01-23T09:07:32.685Z,0,https://res.cloudinary.com/dbhoqcunj/image/upload/v1737623251/user_profiles/rfuf7ifdslxn0stcjnkw.jpg,,,03445678643,67815eff84ce81f520291293,Beginner,Yes,WMA-01-10
679206da3581106281630b96,Muhammad Iftikhar,Muhammad Irfan,,muhammadiftikhar789@gmail.com,,44444-4444444-3,1996-02-12T00:00:00.000Z,Male,Intermediate,"A-1240 sector 15 B, Shadman, Karachi, Pakistan",6790955dfafa29c3714226f5,,67815a2abefc47d950d29572,,,user,,2025-01-23T09:07:38.084Z,2025-01-23T09:07:38.084Z,0,https://res.cloudinary.com/dbhoqcunj/image/upload/v1737623257/user_profiles/i4xs8wovi2en9jpv0tgr.jpg,,,03119871234,679153499af5eb1cba60cc9b,Beginner,Yes,BLC-01-5
679208083581106281630be8,Shahbaz Ali,Irfan Mehmood,,shahbazali456@gmail.com,,44444-4444444-4,1996-05-02T00:00:00.000Z,Male,Matric,"S-1300 sector 14, Nazimabad, Karachi, Pakistan",6790955dfafa29c3714226f5,,67815a2abefc47d950d29572,,,user,,2025-01-23T09:12:40.371Z,2025-01-23T09:12:40.371Z,0,https://res.cloudinary.com/dbhoqcunj/image/upload/v1737623559/user_profiles/hzkv7j8e6repwqyorwf5.jpg,,,03117894562,679153499af5eb1cba60cc9b,Beginner,Yes,BLC-01-6
679208443581106281630c0b,raaza,raazaa,,raaza@gmail.com,,22132-3242442-2,2025-01-07T00:00:00.000Z,Male,Graduate,maleer,6790955dfafa29c3714226f5,,67815d2d4962ffade58c5afe,,,user,,2025-01-23T09:13:40.838Z,2025-01-23T09:13:40.838Z,0,https://res.cloudinary.com/dbhoqcunj/image/upload/v1737623620/user_profiles/neoyvkzvcktz4zedgoai.jpg,,,03330303030,67916ee03b964a061329745f,Beginner,Yes,DTM-01-1
679208c63581106281630c34,Muhammad Raza,bhatti,,bhattimraza11@gmail.com,,42210-3194552-5,2017-01-26T00:00:00.000Z,Male,Masters,Extension,6790955dfafa29c3714226f5,,67815e164962ffade58c5c78,,,user,,2025-01-23T09:15:50.100Z,2025-01-23T09:15:50.100Z,0,https://res.cloudinary.com/dbhoqcunj/image/upload/v1737623749/user_profiles/yr91t3lutdzhgrninnix.jpg,,,03330734303,67815eff84ce81f520291293,Advanced,Yes,WMA-01-10
679208d63581106281630c39,Naeem Chaudhry,Mehmood Chaudhry,,naeemchaudhry654@gmail.com,,44444-4444444-5,1998-07-15T00:00:00.000Z,Male,Intermediate,"A-1280 sector 13 B, Golimar, Karachi, Pakistan",6790955dfafa29c3714226f5,,67815a2abefc47d950d29572,,,user,,2025-01-23T09:16:06.629Z,2025-01-23T09:16:06.629Z,0,https://res.cloudinary.com/dbhoqcunj/image/upload/v1737623765/user_profiles/shlktelqarhmjozzud3g.jpg,,,03112345698,679153499af5eb1cba60cc9b,Beginner,Yes,BLC-01-7
679209983581106281630c5c,Shehwaiz Alaam,Alaam Ali,,shehwaizalaam321@gmail.com,,44444-4444444-6,2000-05-25T00:00:00.000Z,Male,Matric,"R-1225 sector 15, Malir Cant, Karachi, Pakistan",6790955dfafa29c3714226f5,,67815a2abefc47d950d29572,,,user,,2025-01-23T09:19:20.758Z,2025-01-23T09:19:20.758Z,0,https://res.cloudinary.com/dbhoqcunj/image/upload/v1737623959/user_profiles/tx7t9zzn9bz5to4ojkli.jpg,,,03114569879,679153499af5eb1cba60cc9b,Beginner,Yes,BLC-01-8
67920c4f3581106281630c98,razaaa,razaaaa,,razaaa@gmail.com,,43301-3993990-7,2025-01-01T00:00:00.000Z,Male,Graduate,karachi,6790955dfafa29c3714226f5,,67815e164962ffade58c5c78,,,user,,2025-01-23T09:30:55.976Z,2025-01-23T09:30:55.976Z,0,https://res.cloudinary.com/dbhoqcunj/image/upload/v1737624655/user_profiles/ggwpdww9suddjazrphaa.jpg,,,03445678909,67815eff84ce81f520291293,Advanced,Yes,WMA-01-10
67920d0c3581106281630d15,abas,abbaas,,abas@gmail.com,,28889-2385889-4,1111-11-11T00:00:00.000Z,Male,Matric,LYARI,6790955dfafa29c3714226f5,,67815e164962ffade58c5c78,,,user,,2025-01-23T09:34:04.896Z,2025-01-23T09:34:04.896Z,0,https://res.cloudinary.com/dbhoqcunj/image/upload/v1737624844/user_profiles/ghrwyhvuh67pnlllgrvf.jpg,,,03338383888,67815eff84ce81f520291293,Intermediate,Yes,WMA-01-10
67920d653581106281630d2c,hamzaaa,hamzaaaa,,hamzaaa@gmail.com,,23321-2132435-6,1223-11-11T00:00:00.000Z,Male,Matric,falaknaz,6790955dfafa29c3714226f5,,67815e164962ffade58c5c78,,,user,,2025-01-23T09:35:33.033Z,2025-01-23T09:35:33.033Z,0,https://res.cloudinary.com/dbhoqcunj/image/upload/v1737624931/user_profiles/sa6tpmtzfalxntv0iv8w.jpg,,,03339393933,67815eff84ce81f520291293,Intermediate,No,WMA-01-10
67920dbf3581106281630d43,hadi,hadi,,hadi@gmail.com,,42210-2234223-3,3233-02-11T00:00:00.000Z,Male,Graduate,mlirrr,6790955dfafa29c3714226f5,,67815e164962ffade58c5c78,,,user,,2025-01-23T09:37:03.924Z,2025-01-23T09:37:03.924Z,0,https://res.cloudinary.com/dbhoqcunj/image/upload/v1737625023/user_profiles/p00a0puyzsupaaysy4kd.jpg,,,03999494949,67815eff84ce81f520291293,Advanced,Yes,WMA-01-10
67920e193581106281630d61,haris,hasir,,haris@gmail.com,,42210-3878885-3,3444-03-22T00:00:00.000Z,Male,Intermediate,maliiiir,6790955dfafa29c3714226f5,,67815e164962ffade58c5c78,,,user,,2025-01-23T09:38:33.052Z,2025-01-23T09:38:33.052Z,0,https://res.cloudinary.com/dbhoqcunj/image/upload/v1737625112/user_profiles/s18s3ebdpchxbwcuqstm.jpg,,,03327788213,67815eff84ce81f520291293,Advanced,No,WMA-01-10
67920ed43581106281630e07,aliali,alialiali,,alialai@gmail.com,,32232-2322332-2,2025-01-17T00:00:00.000Z,Male,Graduate,maeele,6790955dfafa29c3714226f5,,67815e164962ffade58c5c78,,,user,,2025-01-23T09:41:40.277Z,2025-01-23T09:41:40.277Z,0,https://res.cloudinary.com/dbhoqcunj/image/upload/v1737625299/user_profiles/w3kymmb5l9r6wqpnzj0h.jpg,,,03338444888,67815eff84ce81f520291293,Intermediate,Yes,WMA-01-10
67920f533581106281630e1f,razaaaa,razaaaa,,razaaa111@gmail.com,,67732-3385990-9,1944-03-12T00:00:00.000Z,Male,Intermediate,malir area,6790955dfafa29c3714226f5,,67815e164962ffade58c5c78,,,user,,2025-01-23T09:43:47.951Z,2025-01-23T09:43:47.951Z,0,https://res.cloudinary.com/dbhoqcunj/image/upload/v1737625427/user_profiles/mat8jdu8ta0oubjc5ci9.jpg,,,03226677890,67815eff84ce81f520291293,Intermediate,No,WMA-01-10
67920faa3581106281630e36,harisss,harisss,,harisss@gmai.com,,23345-5566777-7,2222-12-11T00:00:00.000Z,Male,Intermediate,malir1,6790955dfafa29c3714226f5,,67815e164962ffade58c5c78,,,user,,2025-01-23T09:45:14.013Z,2025-01-23T09:45:14.013Z,0,https://res.cloudinary.com/dbhoqcunj/image/upload/v1737625513/user_profiles/xohtrz8rfkzbibi2m6r6.jpg,,,03556890404,67815eff84ce81f520291293,Intermediate,Yes,WMA-01-10
6792100e3581106281630e4e,hadid,hadid,,hadid@gmail.com,,32223-2323233-3,4333-03-12T00:00:00.000Z,Male,Matric,malir 2,6790955dfafa29c3714226f5,,67815e164962ffade58c5c78,,,user,,2025-01-23T09:46:54.568Z,2025-01-23T09:46:54.568Z,0,https://res.cloudinary.com/dbhoqcunj/image/upload/v1737625613/user_profiles/sm3zfnlpmzjnkbyu77jh.jpg,,,03112222222,67815eff84ce81f520291293,Beginner,Yes,WMA-01-10
679210703581106281630e8a,ahsan,ahsan,,ahsan@gmail.com,,83383-3838833-3,2455-02-11T00:00:00.000Z,Male,Matric,malir 111,6790955dfafa29c3714226f5,,67815e164962ffade58c5c78,,,user,,2025-01-23T09:48:32.334Z,2025-01-23T09:48:32.334Z,0,https://res.cloudinary.com/dbhoqcunj/image/upload/v1737625711/user_profiles/axhk79sht73zdyb8cjsw.jpg,,,03222232323,67815eff84ce81f520291293,Intermediate,No,WMA-01-10
679210bd3581106281630ea2,yello,yello,,yello@gmail.com,,48894-4999994-4,2025-01-16T00:00:00.000Z,Male,Undergraduate,malirr 444,6790955dfafa29c3714226f5,,67815e164962ffade58c5c78,,,user,,2025-01-23T09:49:49.515Z,2025-01-23T09:49:49.515Z,0,https://res.cloudinary.com/dbhoqcunj/image/upload/v1737625788/user_profiles/so9uemx6wztcwqdmxeio.jpg,,,03333333848,67815eff84ce81f520291293,Intermediate,No,WMA-01-10
679211093581106281630ed4,freen,freen,,freen@gmail.com,,33344-4334344-4,1992-12-12T00:00:00.000Z,Male,Matric,MALIR5,6790955dfafa29c3714226f5,,67815e164962ffade58c5c78,,,user,,2025-01-23T09:51:05.475Z,2025-01-23T09:51:05.475Z,0,https://res.cloudinary.com/dbhoqcunj/image/upload/v1737625864/user_profiles/rbhx0gvxjwi3joohiqoj.jpg,,,03333857585,67815eff84ce81f520291293,Advanced,No,WMA-01-10
679211fa3581106281630f33,Sahil Shahwaiz,Shahwaiz Ali,,sahilshahwaiz894@gmail.com,,44444-4444444-7,1997-07-18T00:00:00.000Z,Male,Intermediate,"R-1208 sector Block 15, Gulshan, Karachi, Pakistan",6790955dfafa29c3714226f5,,67815a2abefc47d950d29572,,,user,,2025-01-23T09:55:06.479Z,2025-01-23T09:55:06.479Z,0,https://res.cloudinary.com/dbhoqcunj/image/upload/v1737626105/user_profiles/jrguhn4zaricpdr9lt7r.jpg,,,03127894561,679153499af5eb1cba60cc9b,Beginner,No,BLC-01-9
679212293581106281630f5b,faiz,faiz,,faiz1@gmail.com,,41222-2123222-2,2025-01-07T00:00:00.000Z,Male,PhD,malirrrrrr,6790955dfafa29c3714226f5,,67815e164962ffade58c5c78,,,user,,2025-01-23T09:55:53.129Z,2025-01-23T09:55:53.129Z,0,https://res.cloudinary.com/dbhoqcunj/image/upload/v1737626152/user_profiles/khhpu6oqic8p0gqp2csi.jpg,,,03118123888,67815eff84ce81f520291293,Beginner,Yes,WMA-01-10
679212683581106281630f73,heloooo,helooo,,helooo@gmail.com,,93323-3232332-3,2025-01-02T00:00:00.000Z,Male,Masters,malirrrr,6790955dfafa29c3714226f5,,67815e164962ffade58c5c78,,,user,,2025-01-23T09:56:56.819Z,2025-01-23T09:56:56.819Z,0,https://res.cloudinary.com/dbhoqcunj/image/upload/v1737626215/user_profiles/ubkixtq0ic9jnzjnsayp.jpg,,,03232323233,67815eff84ce81f520291293,Advanced,No,WMA-01-10
679212b43581106281630fa0,basit,basit,,basit@gmail.com,,29920-2222224-4,2017-01-18T00:00:00.000Z,Male,PhD,helloo,6790955dfafa29c3714226f5,,67815e164962ffade58c5c78,,,user,,2025-01-23T09:58:12.224Z,2025-01-23T09:58:12.224Z,0,https://res.cloudinary.com/dbhoqcunj/image/upload/v1737626291/user_profiles/ho4iqm2uslgflotoxbtx.jpg,,,03330330393,67815eff84ce81f520291293,Advanced,No,WMA-01-10
679212e63581106281630fb4,Sara Ali,Muhammad Ali,,saraali654@gmail.com,,11111-1111111-1,1997-04-20T00:00:00.000Z,Female,Matric,"ST-1469 sector Block 17, Gulstan-e-Johar, Karachi, Pakistan",6790955dfafa29c3714226f5,,67815a2abefc47d950d29572,,,user,,2025-01-23T09:59:02.893Z,2025-01-23T09:59:02.893Z,0,https://res.cloudinary.com/dbhoqcunj/image/upload/v1737626342/user_profiles/f8csdvzjw4dpo9uaq2qg.jpg,,,03122838606,679153499af5eb1cba60cc9b,Beginner,Yes,BLC-01-10
679213963581106281631006,Minhaj Ahmed,Rizwan Bhatti,,minhaj10@gmail.com,,42201-3338144-1,2006-06-21T00:00:00.000Z,Male,Intermediate,Gulshan e maymar,6790955dfafa29c3714226f5,,67815a2abefc47d950d29572,,,user,,2025-01-23T10:01:58.623Z,2025-01-23T10:01:58.623Z,0,https://res.cloudinary.com/dbhoqcunj/image/upload/v1737626517/user_profiles/fforcuwbcvqz11e7adkt.jpg,,,03181013310,679153499af5eb1cba60cc9b,Intermediate,Yes,BLC-01-10
67921398358110628163100b,Malaika Sheikh,Sheikh Muhammad Irfan,,malaikasheikh878@gmail.com,,11111-1111111-2,1999-12-13T00:00:00.000Z,Female,Matric,"RF-2000 sector 15 F, Gulshan-e-Hadid, Karachi, Pakistan",6790955dfafa29c3714226f5,,67815a2abefc47d950d29572,,,user,,2025-01-23T10:02:00.113Z,2025-01-23T10:02:00.113Z,0,https://res.cloudinary.com/dbhoqcunj/image/upload/v1737626519/user_profiles/haogh27xndhttqo9asgo.jpg,,,03111011021,679153499af5eb1cba60cc9b,Beginner,No,BLC-01-10
67921458358110628163107e,Manahil Amjad Khan,Amjad Khan,,manahilamjadkhan12@gmail.com,,11111-1111111-3,1996-06-12T00:00:00.000Z,Female,Matric,"R-1280 sector 15 B, Bufferzone, Karachi, Pakistan",6790955dfafa29c3714226f5,,67815a2abefc47d950d29572,,,user,,2025-01-23T10:05:12.105Z,2025-01-23T10:05:12.105Z,0,https://res.cloudinary.com/dbhoqcunj/image/upload/v1737626711/user_profiles/blqp08c5ng1ihftwgpes.jpg,,,03115468978,679153499af5eb1cba60cc9b,Beginner,Yes,BLC-01-10
6792149935811062816310c6,Ali,Yasir,,ali@gmail.com,,42201-3123231-1,2010-05-22T00:00:00.000Z,Male,Matric,Malir Khaokrapar,6790956ffafa29c3714226fc,,67815a4cbefc47d950d29575,,,user,,2025-01-23T10:06:17.225Z,2025-01-23T10:06:17.225Z,0,https://res.cloudinary.com/dbhoqcunj/image/upload/v1737626776/user_profiles/y5shzguaprueawv4xbyh.jpg,,,03122123324,67916c3c3b964a0613297284,Beginner,No,CCP-01-2
6792150d35811062816310ed,Amber Tahir,Tahir Ali,,ambertahir246@gmail.com,,11111-1111111-4,2000-10-11T00:00:00.000Z,Female,Matric,"R-1 Hno#1618 sector 15 B, Steel Mills, Karachi, Pakistan",6790955dfafa29c3714226f5,,67815a2abefc47d950d29572,,,user,,2025-01-23T10:08:13.487Z,2025-01-23T10:08:13.487Z,0,https://res.cloudinary.com/dbhoqcunj/image/upload/v1737626892/user_profiles/tguywmedviixe2jk5i2l.jpg,,,03112126565,679153499af5eb1cba60cc9b,Beginner,Yes,BLC-01-10
679215353581106281631101,Sami,Ali,,sami@gmail.com,,42201-3334442-3,2009-04-12T00:00:00.000Z,Male,Undergraduate,Peshawar main ghr hai,67910713fb581bc2e8141e5c,,67815c35befc47d950d295b2,,,user,,2025-01-23T10:08:53.038Z,2025-01-23T10:08:53.038Z,0,https://res.cloudinary.com/dbhoqcunj/image/upload/v1737626932/user_profiles/uetd1lf1pozyze8koelm.jpg,,,03123453211,679178b1192d6aaf955612e6,Advanced,Yes,GDN-01-1
679215a8358110628163116f,Muhammad,Ali,,muhammad@gmail.com,,42201-1921512-5,1997-12-12T00:00:00.000Z,Male,Intermediate,Malir Khokrapar No 2,6790955dfafa29c3714226f5,,67815d2d4962ffade58c5afe,,,user,,2025-01-23T10:10:48.112Z,2025-01-23T10:10:48.112Z,0,https://res.cloudinary.com/dbhoqcunj/image/upload/v1737627047/user_profiles/n3rbt7fgmyv9awd96nm2.jpg,,,03102134567,67916ee03b964a061329745f,Advanced,Yes,DTM-01-2
679215e435811062816311bd,Abdul Ahad,Abdul Atiq,,abdulahad312@gmail.com,,66666-6666666-1,1996-12-11T00:00:00.000Z,Male,Matric,"SR-20 H#1400 sector 1 B, Haidry Market, Hyderabad, Pakistan",67909569fafa29c3714226f9,,67815a2abefc47d950d29572,,,user,,2025-01-23T10:11:48.350Z,2025-01-23T10:11:48.350Z,0,https://res.cloudinary.com/dbhoqcunj/image/upload/v1737627107/user_profiles/ihhxwlav7aratdscmjen.jpg,,,03122223333,679153499af5eb1cba60cc9b,Beginner,Yes,BLC-01-10
6792165e3581106281631203,Aliyan Khan,Nadir Khan,,aliyan@gmail.com,,42201-7189312-3,2010-05-22T00:00:00.000Z,Male,Undergraduate,North Nazimabad Block N,6790955dfafa29c3714226f5,,67815e164962ffade58c5c78,,,user,,2025-01-23T10:13:50.348Z,2025-01-23T10:13:50.348Z,0,https://res.cloudinary.com/dbhoqcunj/image/upload/v1737627229/user_profiles/u7mewreqebbmioymqfcr.jpg,,,03101290821,67815eff84ce81f520291293,Intermediate,No,WMA-01-10
6792167c3581106281631235,Muhammad Abbas,Muhammad Haider,,muhammadabbas789@gmail.com,,66666-6666666-2,2000-12-31T00:00:00.000Z,Male,Matric,"Qtr 408, Purana Mohalla, Hyderbad, Pakistan",67909569fafa29c3714226f9,,67815a2abefc47d950d29572,,,user,,2025-01-23T10:14:20.108Z,2025-01-23T10:14:20.108Z,0,https://res.cloudinary.com/dbhoqcunj/image/upload/v1737627259/user_profiles/o9qklj79zw4mebbpghwa.jpg,,,03111112345,679153499af5eb1cba60cc9b,Beginner,No,BLC-01-10
679216cd35811062816312d2,Ali Khan,Hammad Khan,,ali12@gmail.com,,42201-6748901-3,2002-04-12T00:00:00.000Z,Male,Graduate,Lahore Minar e Pakistan,6790956ffafa29c3714226fc,,67815a2abefc47d950d29572,,,user,,2025-01-23T10:15:41.970Z,2025-01-23T10:15:41.970Z,0,https://res.cloudinary.com/dbhoqcunj/image/upload/v1737627341/user_profiles/xiraamt40dlxa5nv7byd.jpg,,,03129087211,679153499af5eb1cba60cc9b,Beginner,Yes,BLC-01-10
6792177c358110628163131a,Haider Jaffar,Jaffar Ali,,haiderjaffar32@gmail.com,,66666-6666666-3,1998-02-12T00:00:00.000Z,Male,Intermediate,"H#808, Old Hyderabad City, Hyedrabad, Pakistan",67909569fafa29c3714226f9,,67815a2abefc47d950d29572,,,user,,2025-01-23T10:18:36.208Z,2025-01-23T10:18:36.208Z,0,https://res.cloudinary.com/dbhoqcunj/image/upload/v1737627515/user_profiles/tyuqn29u2vhawjevzlwr.jpg,,,03215555555,679153499af5eb1cba60cc9b,Beginner,No,BLC-01-10
6792177d358110628163131e,Naeem Khan,Abid Khan,,naeem@gmail.com,,42301-6721340-9,2002-12-12T00:00:00.000Z,Male,Undergraduate,Defence Block 5,6790955dfafa29c3714226f5,,67815cd64962ffade58c5a37,,,user,,2025-01-23T10:18:37.535Z,2025-01-23T10:18:37.535Z,0,https://res.cloudinary.com/dbhoqcunj/image/upload/v1737627516/user_profiles/ktsf1hr3esvbcaep9hmo.jpg,,,03109076213,67916e693b964a0613297433,Intermediate,No,DSA-01-1
6792182335811062816313ac,Yasir Raza,Raza Khan,,yasir@gmail.com,,42201-6732901-3,2011-03-12T00:00:00.000Z,Male,Undergraduate,Hyderabad ki zyada locations nh pata hai,67909569fafa29c3714226f9,,67815a4cbefc47d950d29575,,,user,,2025-01-23T10:21:23.426Z,2025-01-23T10:21:23.426Z,0,https://res.cloudinary.com/dbhoqcunj/image/upload/v1737627682/user_profiles/xesalfasqgfwtsnhywby.jpg,,,03124563210,67916c3c3b964a0613297284,Beginner,Yes,CCP-01-3
6792184d35811062816313f5,Haider Jaffari,Ali Jaffari,,haiderjaffari999@gmail.com,,66666-6666666-4,2000-03-31T00:00:00.000Z,Male,Intermediate,"Hno41 sector 15 A, Saddar, Hyedrabad, Pakistan",67909569fafa29c3714226f9,,67815a2abefc47d950d29572,,,user,,2025-01-23T10:22:05.598Z,2025-01-23T10:22:05.598Z,0,https://res.cloudinary.com/dbhoqcunj/image/upload/v1737627724/user_profiles/tim2htrlglaumwh5htli.jpg,,,03113333333,679153499af5eb1cba60cc9b,Beginner,No,BLC-01-10
679218dd35811062816314e5,Mehroz Ali,Muhammad Ali,,mehrozali555@gmail.com,,66666-6666666-5,1996-04-25T00:00:00.000Z,Male,Matric,"House No 501, Latifabad, Hyedrabad, Pakistan",67909569fafa29c3714226f9,,67815a2abefc47d950d29572,,,user,,2025-01-23T10:24:29.062Z,2025-01-23T10:24:29.062Z,0,https://res.cloudinary.com/dbhoqcunj/image/upload/v1737627868/user_profiles/avddnehic0omxell8tjy.jpg,,,03114444444,679153499af5eb1cba60cc9b,Beginner,Yes,BLC-01-10
679219a8af185214215ea078,Ali Ahmed Khan,Ahmed Khan,,aliahmed@gmail.com,,42201-2147901-2,2000-06-12T00:00:00.000Z,Male,Graduate,Malir Khokrapar No 5,6790955dfafa29c3714226f5,,67815a2abefc47d950d29572,,,user,,2025-01-23T10:27:52.887Z,2025-01-23T10:27:52.887Z,0,https://res.cloudinary.com/dbhoqcunj/image/upload/v1737628072/user_profiles/jeyx9tdmjtvxo1kopvoc.jpg,,,03102983102,679153499af5eb1cba60cc9b,Beginner,Yes,BLC-01-10
679219c1af185214215ea07d,Mehwish Shahid,Muhammad Shahid,,mehwishshahid111@gmai.com,,22222-2222222-1,1999-01-03T00:00:00.000Z,Female,Matric,"House no 101, Hirabad, Hyedrabad, Pakistan",67909569fafa29c3714226f9,,67815a2abefc47d950d29572,,,user,,2025-01-23T10:28:17.697Z,2025-01-23T10:28:17.697Z,0,https://res.cloudinary.com/dbhoqcunj/image/upload/v1737628096/user_profiles/toazqxgibqp0rtkx2u9f.jpg,,,03216666987,679153499af5eb1cba60cc9b,Beginner,No,BLC-01-10
67921a90af185214215ea0dc,salman,raza,,salman@gmai.com,,44444-3232332-2,2013-01-22T00:00:00.000Z,Male,Masters,malir,6790955dfafa29c3714226f5,,67815e164962ffade58c5c78,,,user,,2025-01-23T10:31:44.135Z,2025-01-23T10:31:44.135Z,0,https://res.cloudinary.com/dbhoqcunj/image/upload/v1737628303/user_profiles/vem6ug0h1lvoiqguyrci.jpg,,,03330405050,67815eff84ce81f520291293,Advanced,Yes,WMA-01-10
679223b3af185214215ea4fd,Sadaf Ali,Ali Haider,,sadafali444@gmail.com,,22222-2222222-2,1998-07-05T00:00:00.000Z,Female,Intermediate,"House no 810, Cantonment, Hyedrabad, Pakistan",67909569fafa29c3714226f9,,67815a2abefc47d950d29572,,,user,,2025-01-23T11:10:43.876Z,2025-01-23T11:10:43.876Z,0,https://res.cloudinary.com/dbhoqcunj/image/upload/v1737630642/user_profiles/xybhqyol2d3iagkvaics.png,,,03117778899,679153499af5eb1cba60cc9b,Beginner,Yes,BLC-01-10
679224ffaf185214215ea520,Ammar Yasir,Muhammad Yasir,,ammaryasir320@gmail.com,,33333-3333333-1,1996-02-02T00:00:00.000Z,Male,Intermediate,"RS-124 sector 10 , Data Gunj Buksh,, Lahore, Pakistan",6790956ffafa29c3714226fc,,67815a2abefc47d950d29572,,,user,,2025-01-23T11:16:15.297Z,2025-01-23T11:16:15.297Z,0,https://res.cloudinary.com/dbhoqcunj/image/upload/v1737630974/user_profiles/ook9u4xik4ydimbjtvms.jpg,,,03125056644,679153499af5eb1cba60cc9b,Beginner,No,BLC-01-10
679225e8af185214215ea543,Irfan Khan,Shahbaz Khan,,irfankhan456@gmail.com,,33333-3333333-2,2000-12-30T00:00:00.000Z,Male,Matric,"H-120 sector 15 B, Railway Colony, Lahore, Pakistan",6790956ffafa29c3714226fc,,67815a2abefc47d950d29572,,,user,,2025-01-23T11:20:08.093Z,2025-01-23T11:20:08.093Z,0,https://res.cloudinary.com/dbhoqcunj/image/upload/v1737631207/user_profiles/wqbgakc9unpbz9m8itns.png,,,03112223636,679153499af5eb1cba60cc9b,Beginner,No,BLC-01-10
679226b7af185214215ea58a,Muhammad Afaaq,Muhammad Ahmed,,muhammadafaq888@gmail.com,,33333-3333333-3,1999-04-30T00:00:00.000Z,Male,Matric,"H-150, Model Town, Lahore, Pakistan",6790956ffafa29c3714226fc,,67815a2abefc47d950d29572,,,user,,2025-01-23T11:23:35.841Z,2025-01-23T11:23:35.841Z,0,https://res.cloudinary.com/dbhoqcunj/image/upload/v1737631415/user_profiles/kshpckno04nhwj1jmz2e.jpg,,,03225555999,679153499af5eb1cba60cc9b,Beginner,Yes,BLC-01-10
67922778af185214215ea5a0,Hadiqa Shahmeer,Shahmeer Irfan,,hadiqashahmeer777@gmail.com,,77777-7777777-1,2000-03-27T00:00:00.000Z,Female,Intermediate,"H-180, Modal Colony, Lahore, Pakistan",6790956ffafa29c3714226fc,,67815a2abefc47d950d29572,,,user,,2025-01-23T11:26:48.205Z,2025-01-23T11:26:48.205Z,0,https://res.cloudinary.com/dbhoqcunj/image/upload/v1737631607/user_profiles/ksqrrnzpfndmh1lvw3gx.png,,,03332222360,679153499af5eb1cba60cc9b,Beginner,Yes,BLC-01-10
67922848af185214215ea5e6,Afshaan Mehmood,Muhammad Mehmood,,afshaanmehmood111@gmail.com,,77777-7777777-2,1996-08-17T00:00:00.000Z,Female,Intermediate,"H-520, Gulberg Colony, Lahore, Pakistan",6790956ffafa29c3714226fc,,67815a2abefc47d950d29572,,,user,,2025-01-23T11:30:16.337Z,2025-01-23T11:30:16.337Z,0,https://res.cloudinary.com/dbhoqcunj/image/upload/v1737631815/user_profiles/dna0ipzizwdb6ogl0utd.jpg,,,03334567890,679153499af5eb1cba60cc9b,Beginner,No,BLC-01-10
679228f4af185214215ea5fb,Syeda Hadia Hashmi,Syed Ahsaan Hashmi,,syedahadiahashmi56@gmail.com,,77777-7777777-3,1997-09-27T00:00:00.000Z,Female,Intermediate,"R-660, Kot Lakhpat, Lahore, Pakistan",6790956ffafa29c3714226fc,,67815a2abefc47d950d29572,,,user,,2025-01-23T11:33:08.523Z,2025-01-23T11:33:08.523Z,0,https://res.cloudinary.com/dbhoqcunj/image/upload/v1737631987/user_profiles/ve0ndqohe3y2tcybqpp0.jpg,,,03209999200,679153499af5eb1cba60cc9b,Beginner,Yes,BLC-01-10
6792337cdd5ea2392e01771e,Alaam Khan,Gull khan,,alaamkhan345@gmail.com,,11111-2222222-1,1997-11-27T00:00:00.000Z,Male,Intermediate,"QTR # 400, AHMAD KHEL, Peshawar, Pakistan",67910713fb581bc2e8141e5c,,67815a2abefc47d950d29572,,,user,,2025-01-23T12:18:04.306Z,2025-01-23T12:18:04.306Z,0,https://res.cloudinary.com/dbhoqcunj/image/upload/v1737634683/user_profiles/kpvk8tsmxghoqb88wib1.png,,,03300003333,679153499af5eb1cba60cc9b,Beginner,Yes,BLC-01-10
67923421dd5ea2392e017741,Ahmer Khan,Gull Sher Khan,,ahmerkhan123@gmail.com,,11111-2222222-2,1998-09-29T00:00:00.000Z,Male,Matric,"QTR-130 sector 1 B, YOUSAF KHEL, Peshawar, Pakistan",67910713fb581bc2e8141e5c,,67815a2abefc47d950d29572,,,user,,2025-01-23T12:20:49.172Z,2025-01-23T12:20:49.172Z,0,https://res.cloudinary.com/dbhoqcunj/image/upload/v1737634848/user_profiles/xlux9p4otdmvvo5oyydl.png,,,03221111444,679153499af5eb1cba60cc9b,Beginner,Yes,BLC-01-10
679234d9dd5ea2392e017764,Muhammad Ahmed,Khan Muhammad,,muhammadahmed789@gmail.com,,11111-2222222-3,2000-03-15T00:00:00.000Z,Male,Intermediate,"QTR-550 sector 2 B, SORI ZAI BALA, Peshawar, Pakistan",67910713fb581bc2e8141e5c,,67815a2abefc47d950d29572,,,user,,2025-01-23T12:23:53.067Z,2025-01-23T12:23:53.067Z,0,https://res.cloudinary.com/dbhoqcunj/image/upload/v1737635031/user_profiles/ot9hnk0sqqeetotj3hwk.png,,,03105556666,679153499af5eb1cba60cc9b,Beginner,Yes,BLC-01-10
679235c5dd5ea2392e017787,Gull-e-Rana,Gull Behroz,,gullerana111@gmail.com,,22222-3333333-1,1996-10-27T00:00:00.000Z,Female,Intermediate,"Hno701, SHAH ALAM, Peshawar, Pakistan",67910713fb581bc2e8141e5c,,67815a2abefc47d950d29572,,,user,,2025-01-23T12:27:49.734Z,2025-01-23T12:27:49.734Z,0,https://res.cloudinary.com/dbhoqcunj/image/upload/v1737635268/user_profiles/ruaodzog0t8wqgwjr0n5.jpg,,,03157890000,679153499af5eb1cba60cc9b,Beginner,No,BLC-01-10
67923671dd5ea2392e01779b,Shehnaz Gull,Shahwar Khan,,shehnazgull666@gmail.com,,22222-3333333-2,2002-08-27T00:00:00.000Z,Female,Matric,"Hno456, MATTANI, Peshawar, Pakistan",67910713fb581bc2e8141e5c,,67815a2abefc47d950d29572,,,user,,2025-01-23T12:30:41.719Z,2025-01-23T12:30:41.719Z,0,https://res.cloudinary.com/dbhoqcunj/image/upload/v1737635440/user_profiles/guda2kirp4wejnvufkxi.jpg,,,03204747963,679153499af5eb1cba60cc9b,Beginner,No,BLC-01-10
67923731dd5ea2392e0177c1,Muhammad Affaan,Muhammad Shafiq,,muhammadaffan321@gmail.com,,22222-1111111-1,2006-10-26T00:00:00.000Z,Male,Intermediate,"RS-808 sector 1 L, Gulshan-e-Maymar, Karachi, Pakistan",6790955dfafa29c3714226f5,,67815e164962ffade58c5c78,,,user,,2025-01-23T12:33:53.886Z,2025-01-23T12:33:53.886Z,0,https://res.cloudinary.com/dbhoqcunj/image/upload/v1737635633/user_profiles/fbaayhzaebgwyix6s1dr.png,,,03123850569,67815eff84ce81f520291293,Beginner,Yes,WMA-01-10
6792381add5ea2392e01782f,Abbas Jaffari,Haider Jaffari,,abbasjaffari890@gmail.com,,22222-1111111-2,2002-04-27T00:00:00.000Z,Male,Intermediate,"R-1350 sector 15 C, Ancholi, Karachi, Pakistan",6790955dfafa29c3714226f5,,67815e164962ffade58c5c78,,,user,,2025-01-23T12:37:46.923Z,2025-01-23T12:37:46.923Z,0,https://res.cloudinary.com/dbhoqcunj/image/upload/v1737635865/user_profiles/nmk5e4yexmfrjzmexswj.png,,,03108295635,67916d1b3b964a06132972ba,Beginner,Yes,GDN-01-1
679239c3dd5ea2392e017855,Abdul Ahad Raza,Raza Ali,,abdulahad10@gmail.com,,22222-1111111-3,1999-06-26T00:00:00.000Z,Male,Intermediate,"R-128 sector 15 B, Aisha Manzil, Karachi, Pakistan",6790955dfafa29c3714226f5,,67815e164962ffade58c5c78,,,user,,2025-01-23T12:44:51.457Z,2025-01-23T12:44:51.457Z,0,https://res.cloudinary.com/dbhoqcunj/image/upload/v1737636290/user_profiles/ubzzj6n7rcsgwjvdxd4p.png,,,03112345693,67815eff84ce81f520291293,Beginner,Yes,WMA-01-10
67924238bf7059deb52001d1,Mahira Khan,Yaseen Malik,,mahirakhan500@gmail.com,,44444-5555555-1,1998-10-27T00:00:00.000Z,Female,Intermediate,"R-1205 Block D, 5 Star, Karachi, Pakistan",6790955dfafa29c3714226f5,,67815e164962ffade58c5c78,,,user,,2025-01-23T13:20:56.108Z,2025-01-23T13:20:56.108Z,0,https://res.cloudinary.com/dbhoqcunj/image/upload/v1737638455/user_profiles/ttowhr08hty0n2x5zc12.png,,,03213850578,679178b1192d6aaf955612e6,Beginner,Yes,GDN-01-2
